{
    "Age": {
        "mean": 39.701856177195396,
        "std": 12.67202934255727,
        "min": 18.0,
        "max": 65.0
    },
    "Tenure": {
        "mean": 31.364500549281974,
        "std": 17.236456869727405,
        "min": 1.0,
        "max": 60.0
    },
    "Usage Frequency": {
        "mean": 15.729396977464594,
        "std": 8.621472292451207,
        "min": 1.0,
        "max": 30.0
    },
    "Support Calls": {
        "mean": 3.8311922882790155,
        "std": 3.1338301462515714,
        "min": 0.0,
        "max": 10.0
    },
    "Payment Delay": {
        "mean": 13.499101849744163,
        "std": 8.450897426449755,
        "min": 0.0,
        "max": 30.0
    },
    "Total Spend": {
        "mean": 620.0122147445096,
        "std": 245.28558216621613,
        "min": 100.0,
        "max": 1000.0
    },
    "Last Interaction": {
        "mean": 14.61090299977237,
        "std": 8.606626495196965,
        "min": 1.0,
        "max": 30.0
    },
    "Subscription_Type_Num": {
        "mean": 1.0105353272433963,
        "std": 0.8139853389207533,
        "min": 0.0,
        "max": 2.0
    },
    "Contract_Length_Num": {
        "mean": 1.176977662533031,
        "std": 0.7599163152319979,
        "min": 0.0,
        "max": 2.0
    },
    "Avg_Spend_Per_Month": {
        "mean": 36.028500391172145,
        "std": 53.1441480317753,
        "min": 1.639344262295082,
        "max": 500.0
    },
    "Support_Calls_Per_Month": {
        "mean": 0.22757545235613738,
        "std": 0.438241801106821,
        "min": 0.0,
        "max": 5.0
    },
    "Payment_Reliability": {
        "mean": 0.14248120331731243,
        "std": 0.19650313772462435,
        "min": 0.03225806451612903,
        "max": 1.0
    },
    "Engagement_Score": {
        "mean": 6.442355205234371,
        "std": 3.4524296279182876,
        "min": 0.43695014662756604,
        "max": 12.600000000000001
    },
    "High_Support_Risk": {
        "mean": 0.2999623915044388,
        "std": 0.45824172086628545,
        "min": 0.0,
        "max": 1.0
    },
    "High_Payment_Risk": {
        "mean": 0.5976187884126246,
        "std": 0.4903785957125212,
        "min": 0.0,
        "max": 1.0
    },
    "Low_Usage_Risk": {
        "mean": 0.48864322403776683,
        "std": 0.49987162540289953,
        "min": 0.0,
        "max": 1.0
    }
}